_.poulomi.__|1
posh_tanish_|1
purple_hearted_vaibhavi_|1
sanya.rathi8_|1
sravs_story_|1
suhani_wilson_05_|1
presidency.bs_confessions|0
_.tanish_sharma._|1
unnathi.c_3003|0
some_ordinary_boy|1
theyluvpranav|0
dipapallan1|0
theresha_345|0
dr_strange52|0
_hiya_artist_20|1
abirs_wag|1
_exotic_devil|0
sudee_lives_to_enjoy|0
iam_filza__|1
_exotic_devil_69|1
tanushree_prashanth|0
art_corner625|1
unperfect_srav|1
not._.anay_|0
prarthana.gopakumar_13|0
tanisha.dance|1
rando_fromearth|1
_ad.xoxo_|1
_.enchanted._.quantum._|0
whats_my_name0_0|0
raghav.bubnaaaa|0
tanisha_d_dazzler|1
honeypie8008s|0
_.ana_.b|0
queen_ish_2212|0
rockrap_07|0
yashrajmohapatra_|0
joshu.syam|0
itstheertha_|1
idkaryan05|0
tf_nid26|0
tania_shivakumar8|0
sharmishta30|0
_mr_uknown_man_|0
iconic.nerd|0
unknow_boy_2373|0
rahulmohandas25|0
ibrahim_ik_2299|0
hamlin_jesudoss|1
siddh_antdash|0
ontekuta|0
ridzz2009|0
dabi_toyo_4269|0
rachita_x_blink__|0
siya_kulkarni_i|0
r_i_t_i1809|0
monishaaa______cute|0
stunning_cat_0|0
diya_amber|1
https.zaina_|0
parthdls|0
megha.xo_0|0
ridzz.2504|1
prajeet333|0
aniruddha4754|0
_fox.draws_|1
nyxathena09|0
vishalsahu8154|1
